symbol,name,sector,security_type,board,index_membership,effective_date,end_date,source
0001.HK,CKH HOLDINGS,"Energy, Materials, Industrials and Conglomerates",Common Stock,Main Board,HSI,2026-06-08,,https://www.hsi.com.hk/static/uploads/contents/en/news/pressRelease/20260522T174500.pdf
0002.HK,CLP HOLDINGS,Telecommunications and Utilities,Common Stock,Main Board,HSI,2026-06-08,,https://www.hsi.com.hk/static/uploads/contents/en/news/pressRelease/20260522T174500.pdf
0003.HK,HK & CHINA GAS,Telecommunications and Utilities,Common Stock,Main Board,HSI,2026-06-08,,https://www.hsi.com.hk/static/uploads/contents/en/news/pressRelease/20260522T174500.pdf
0005.HK,HSBC HOLDINGS,Financials,Common Stock,Main Board,HSI,2026-06-08,,https://www.hsi.com.hk/static/uploads/contents/en/news/pressRelease/20260522T174500.pdf
0006.HK,POWER ASSETS,Telecommunications and Utilities,Common Stock,Main Board,HSI,2026-06-08,,https://www.hsi.com.hk/static/uploads/contents/en/news/pressRelease/20260522T174500.pdf
0012.HK,HENDERSON LAND,Properties & Construction,Common Stock,Main Board,HSI,2026-06-08,,https://www.hsi.com.hk/static/uploads/contents/en/news/pressRelease/20260522T174500.pdf
0016.HK,SHK PPT,Properties & Construction,Common Stock,Main Board,HSI,2026-06-08,,https://www.hsi.com.hk/static/uploads/contents/en/news/pressRelease/20260522T174500.pdf
0027.HK,GALAXY ENT,Consumer Discretionary and Consumer Staples,Common Stock,Main Board,HSI,2026-06-08,,https://www.hsi.com.hk/static/uploads/contents/en/news/pressRelease/20260522T174500.pdf
0066.HK,MTR CORPORATION,Consumer Discretionary and Consumer Staples,Common Stock,Main Board,HSI,2026-06-08,,https://www.hsi.com.hk/static/uploads/contents/en/news/pressRelease/20260522T174500.pdf
0101.HK,HANG LUNG PPT,Properties & Construction,Common Stock,Main Board,HSI,2026-06-08,,https://www.hsi.com.hk/static/uploads/contents/en/news/pressRelease/20260522T174500.pdf
0175.HK,GEELY AUTO,Consumer Discretionary,Common Stock,Main Board,HSI|HSCEI,2026-06-08,,https://www.hsi.com.hk/static/uploads/contents/en/news/pressRelease/20260522T174500.pdf
0241.HK,ALI HEALTH,Healthcare,Common Stock,Main Board,HSI,2026-06-08,,https://www.hsi.com.hk/static/uploads/contents/en/news/pressRelease/20260522T174500.pdf
0267.HK,CITIC,Conglomerates,Common Stock,Main Board,HSI|HSCEI,2026-06-08,,https://www.hsi.com.hk/static/uploads/contents/en/news/pressRelease/20260522T174500.pdf
0285.HK,BYD ELECTRONIC,Information Technology,Common Stock,Main Board,HSI,2026-06-08,,https://www.hsi.com.hk/static/uploads/contents/en/news/pressRelease/20260522T174500.pdf
0288.HK,WH GROUP,Consumer Discretionary and Consumer Staples,Common Stock,Main Board,HSI,2026-06-08,,https://www.hsi.com.hk/static/uploads/contents/en/news/pressRelease/20260522T174500.pdf
0291.HK,CHINA RES BEER,Consumer Discretionary and Consumer Staples,Common Stock,Main Board,HSI,2026-06-08,,https://www.hsi.com.hk/static/uploads/contents/en/news/pressRelease/20260522T174500.pdf
0300.HK,MIDEA GROUP (H),Consumer Discretionary and Consumer Staples,Common Stock,Main Board,HSI,2026-06-08,,https://www.hsi.com.hk/static/uploads/contents/en/news/pressRelease/20260522T174500.pdf
0316.HK,OOIL,"Energy, Materials, Industrials and Conglomerates",Common Stock,Main Board,HSI,2026-06-08,,https://www.hsi.com.hk/static/uploads/contents/en/news/pressRelease/20260522T174500.pdf
0322.HK,TINGYI,Consumer Discretionary and Consumer Staples,Common Stock,Main Board,HSI,2026-06-08,,https://www.hsi.com.hk/static/uploads/contents/en/news/pressRelease/20260522T174500.pdf
0386.HK,SINOPEC CORP (H),Energy,Common Stock,Main Board,HSI|HSCEI,2026-06-08,,https://www.hsi.com.hk/static/uploads/contents/en/news/pressRelease/20260522T174500.pdf
0388.HK,HKEX,Financials,Common Stock,Main Board,HSI,2026-06-08,,https://www.hsi.com.hk/static/uploads/contents/en/news/pressRelease/20260522T174500.pdf
0669.HK,TECHTRONIC IND,Consumer Discretionary and Consumer Staples,Common Stock,Main Board,HSI,2026-06-08,,https://www.hsi.com.hk/static/uploads/contents/en/news/pressRelease/20260522T174500.pdf
0688.HK,CHINA OVERSEAS,Properties & Construction,Common Stock,Main Board,HSI|HSCEI,2026-06-08,,https://www.hsi.com.hk/static/uploads/contents/en/news/pressRelease/20260522T174500.pdf
0700.HK,TENCENT,Information Technology,Common Stock,Main Board,HSI|HSCEI,2026-06-08,,https://www.hsi.com.hk/static/uploads/contents/en/news/pressRelease/20260522T174500.pdf
0728.HK,CHINA TELECOM (H),Telecommunications and Utilities,Common Stock,Main Board,HSI,2026-06-08,,https://www.hsi.com.hk/static/uploads/contents/en/news/pressRelease/20260522T174500.pdf
0762.HK,CHINA UNICOM,Telecommunications,Common Stock,Main Board,HSI|HSCEI,2026-06-08,,https://www.hsi.com.hk/static/uploads/contents/en/news/pressRelease/20260522T174500.pdf
0823.HK,LINK REIT,Properties & Construction,REIT,Main Board,HSI,2026-06-08,,https://www.hsi.com.hk/static/uploads/contents/en/news/pressRelease/20260522T174500.pdf
0836.HK,CHINA RES POWER,Telecommunications and Utilities,Common Stock,Main Board,HSI,2026-06-08,,https://www.hsi.com.hk/static/uploads/contents/en/news/pressRelease/20260522T174500.pdf
0857.HK,PETROCHINA (H),Energy,Common Stock,Main Board,HSI|HSCEI,2026-06-08,,https://www.hsi.com.hk/static/uploads/contents/en/news/pressRelease/20260522T174500.pdf
0868.HK,XINYI GLASS,"Energy, Materials, Industrials and Conglomerates",Common Stock,Main Board,HSI,2026-06-08,,https://www.hsi.com.hk/static/uploads/contents/en/news/pressRelease/20260522T174500.pdf
0883.HK,CNOOC,Energy,Common Stock,Main Board,HSI|HSCEI,2026-06-08,,https://www.hsi.com.hk/static/uploads/contents/en/news/pressRelease/20260522T174500.pdf
0939.HK,CCB (H),Financials,Common Stock,Main Board,HSI|HSCEI,2026-06-08,,https://www.hsi.com.hk/static/uploads/contents/en/news/pressRelease/20260522T174500.pdf
0941.HK,CHINA MOBILE,Telecommunications,Common Stock,Main Board,HSI|HSCEI,2026-06-08,,https://www.hsi.com.hk/static/uploads/contents/en/news/pressRelease/20260522T174500.pdf
0960.HK,LONGFOR GROUP,Properties & Construction,Common Stock,Main Board,HSI,2026-06-08,,https://www.hsi.com.hk/static/uploads/contents/en/news/pressRelease/20260522T174500.pdf
0968.HK,XINYI SOLAR,"Energy, Materials, Industrials and Conglomerates",Common Stock,Main Board,HSI,2026-06-08,,https://www.hsi.com.hk/static/uploads/contents/en/news/pressRelease/20260522T174500.pdf
0981.HK,SMIC,Information Technology,Common Stock,Main Board,HSI|HSCEI,2026-06-08,,https://www.hsi.com.hk/static/uploads/contents/en/news/pressRelease/20260522T174500.pdf
0992.HK,LENOVO GROUP,Information Technology,Common Stock,Main Board,HSI|HSCEI,2026-06-08,,https://www.hsi.com.hk/static/uploads/contents/en/news/pressRelease/20260522T174500.pdf
1024.HK,KUAISHOU - W,Consumer Discretionary,Common Stock,Main Board,HSI|HSCEI,2026-06-08,,https://www.hsi.com.hk/static/uploads/contents/en/news/pressRelease/20260522T174500.pdf
1038.HK,CKI HOLDINGS,Telecommunications and Utilities,Common Stock,Main Board,HSI,2026-06-08,,https://www.hsi.com.hk/static/uploads/contents/en/news/pressRelease/20260522T174500.pdf
1044.HK,HENGAN INT'L,Consumer Discretionary and Consumer Staples,Common Stock,Main Board,HSI,2026-06-08,,https://www.hsi.com.hk/static/uploads/contents/en/news/pressRelease/20260522T174500.pdf
1088.HK,CHINA SHENHUA (H),Energy,Common Stock,Main Board,HSI|HSCEI,2026-06-08,,https://www.hsi.com.hk/static/uploads/contents/en/news/pressRelease/20260522T174500.pdf
1093.HK,CSPC PHARMA,Healthcare,Common Stock,Main Board,HSI|HSCEI,2026-06-08,,https://www.hsi.com.hk/static/uploads/contents/en/news/pressRelease/20260522T174500.pdf
1099.HK,SINOPHARM (H),Healthcare,Common Stock,Main Board,HSI,2026-06-08,,https://www.hsi.com.hk/static/uploads/contents/en/news/pressRelease/20260522T174500.pdf
1109.HK,CHINA RES LAND,Properties & Construction,Common Stock,Main Board,HSI|HSCEI,2026-06-08,,https://www.hsi.com.hk/static/uploads/contents/en/news/pressRelease/20260522T174500.pdf
1113.HK,CK ASSET,Properties & Construction,Common Stock,Main Board,HSI,2026-06-08,,https://www.hsi.com.hk/static/uploads/contents/en/news/pressRelease/20260522T174500.pdf
1177.HK,SBP GROUP,Healthcare,Common Stock,Main Board,HSI,2026-06-08,,https://www.hsi.com.hk/static/uploads/contents/en/news/pressRelease/20260522T174500.pdf
1209.HK,CHINA RES MIXC,Properties & Construction,Common Stock,Main Board,HSI,2026-06-08,,https://www.hsi.com.hk/static/uploads/contents/en/news/pressRelease/20260522T174500.pdf
1211.HK,BYD COMPANY (H),Consumer Discretionary,Common Stock,Main Board,HSI|HSCEI,2026-06-08,,https://www.hsi.com.hk/static/uploads/contents/en/news/pressRelease/20260522T174500.pdf
1288.HK,ABC (H),Financials,Common Stock,Main Board,HSCEI,2026-06-08,,https://www.hsi.com.hk/static/uploads/contents/en/news/pressRelease/20260522T174500.pdf
1299.HK,AIA,Financials,Common Stock,Main Board,HSI,2026-06-08,,https://www.hsi.com.hk/static/uploads/contents/en/news/pressRelease/20260522T174500.pdf
1347.HK,HUA HONG GRACE,Information Technology,Common Stock,Main Board,HSI,2026-09-07,,https://www.hsi.com.hk/static/uploads/contents/en/news/pressRelease/20260821T174500.pdf
1378.HK,CHINAHONGQIAO,Materials,Common Stock,Main Board,HSI|HSCEI,2026-06-08,,https://www.hsi.com.hk/static/uploads/contents/en/news/pressRelease/20260522T174500.pdf
1398.HK,ICBC (H),Financials,Common Stock,Main Board,HSI|HSCEI,2026-06-08,,https://www.hsi.com.hk/static/uploads/contents/en/news/pressRelease/20260522T174500.pdf
1519.HK,J&T EXPRESS - W,"Energy, Materials, Industrials and Conglomerates",Common Stock,Main Board,HSI,2026-06-08,,https://www.hsi.com.hk/static/uploads/contents/en/news/pressRelease/20260522T174500.pdf
1658.HK,PSBC (H),Financials,Common Stock,Main Board,HSCEI,2026-06-08,,https://www.hsi.com.hk/static/uploads/contents/en/news/pressRelease/20260522T174500.pdf
1801.HK,INNOVENT BIO,Healthcare,Common Stock,Main Board,HSI|HSCEI,2026-06-08,,https://www.hsi.com.hk/static/uploads/contents/en/news/pressRelease/20260522T174500.pdf
1810.HK,XIAOMI - W,Information Technology,Common Stock,Main Board,HSI|HSCEI,2026-06-08,,https://www.hsi.com.hk/static/uploads/contents/en/news/pressRelease/20260522T174500.pdf
1876.HK,BUD APAC,Consumer Discretionary and Consumer Staples,Common Stock,Main Board,HSI,2026-06-08,,https://www.hsi.com.hk/static/uploads/contents/en/news/pressRelease/20260522T174500.pdf
1928.HK,SANDS CHINA LTD,Consumer Discretionary and Consumer Staples,Common Stock,Main Board,HSI,2026-06-08,,https://www.hsi.com.hk/static/uploads/contents/en/news/pressRelease/20260522T174500.pdf
1929.HK,CHOW TAI FOOK,Consumer Discretionary and Consumer Staples,Common Stock,Main Board,HSI,2026-06-08,,https://www.hsi.com.hk/static/uploads/contents/en/news/pressRelease/20260522T174500.pdf
1997.HK,WHARF REIC,Properties & Construction,Common Stock,Main Board,HSI,2026-06-08,,https://www.hsi.com.hk/static/uploads/contents/en/news/pressRelease/20260522T174500.pdf
2015.HK,LI AUTO - W,Consumer Discretionary,Common Stock,Main Board,HSI|HSCEI,2026-06-08,,https://www.hsi.com.hk/static/uploads/contents/en/news/pressRelease/20260522T174500.pdf
2020.HK,ANTA SPORTS,Consumer Discretionary,Common Stock,Main Board,HSI|HSCEI,2026-06-08,,https://www.hsi.com.hk/static/uploads/contents/en/news/pressRelease/20260522T174500.pdf
2057.HK,ZTO EXPRESS - W,Industrials,Common Stock,Main Board,HSI|HSCEI,2026-06-08,,https://www.hsi.com.hk/static/uploads/contents/en/news/pressRelease/20260522T174500.pdf
2269.HK,WUXI BIO,Healthcare,Common Stock,Main Board,HSI,2026-06-08,,https://www.hsi.com.hk/static/uploads/contents/en/news/pressRelease/20260522T174500.pdf
2313.HK,SHENZHOU INTL,Consumer Discretionary,Common Stock,Main Board,HSI|HSCEI,2026-06-08,,https://www.hsi.com.hk/static/uploads/contents/en/news/pressRelease/20260522T174500.pdf
2318.HK,PING AN (H),Financials,Common Stock,Main Board,HSI|HSCEI,2026-06-08,,https://www.hsi.com.hk/static/uploads/contents/en/news/pressRelease/20260522T174500.pdf
2319.HK,MENGNIU DAIRY,Consumer Discretionary and Consumer Staples,Common Stock,Main Board,HSI,2026-06-08,,https://www.hsi.com.hk/static/uploads/contents/en/news/pressRelease/20260522T174500.pdf
2328.HK,PICC P&C (H),Financials,Common Stock,Main Board,HSCEI,2026-06-08,,https://www.hsi.com.hk/static/uploads/contents/en/news/pressRelease/20260522T174500.pdf
2331.HK,LI NING,Consumer Discretionary and Consumer Staples,Common Stock,Main Board,HSI,2026-06-08,,https://www.hsi.com.hk/static/uploads/contents/en/news/pressRelease/20260522T174500.pdf
2338.HK,WEICHAI POWER (H),"Energy, Materials, Industrials and Conglomerates",Common Stock,Main Board,HSI,2026-09-07,,https://www.hsi.com.hk/static/uploads/contents/en/news/pressRelease/20260821T174500.pdf
2359.HK,WUXI APPTEC (H),Healthcare,Common Stock,Main Board,HSI,2026-06-08,,https://www.hsi.com.hk/static/uploads/contents/en/news/pressRelease/20260522T174500.pdf
2382.HK,SUNNY OPTICAL,"Energy, Materials, Industrials and Conglomerates",Common Stock,Main Board,HSI,2026-06-08,,https://www.hsi.com.hk/static/uploads/contents/en/news/pressRelease/20260522T174500.pdf
2388.HK,BOC HONG KONG,Financials,Common Stock,Main Board,HSI,2026-06-08,,https://www.hsi.com.hk/static/uploads/contents/en/news/pressRelease/20260522T174500.pdf
2423.HK,BEKE - W,Properties & Construction,Common Stock,Main Board,HSCEI,2026-06-08,,https://www.hsi.com.hk/static/uploads/contents/en/news/pressRelease/20260522T174500.pdf
2600.HK,CHALCO (H),"Energy, Materials, Industrials and Conglomerates",Common Stock,Main Board,HSI,2026-06-08,,https://www.hsi.com.hk/static/uploads/contents/en/news/pressRelease/20260522T174500.pdf
2618.HK,JD LOGISTICS,"Energy, Materials, Industrials and Conglomerates",Common Stock,Main Board,HSI,2026-06-08,,https://www.hsi.com.hk/static/uploads/contents/en/news/pressRelease/20260522T174500.pdf
2628.HK,CHINA LIFE (H),Financials,Common Stock,Main Board,HSI|HSCEI,2026-06-08,,https://www.hsi.com.hk/static/uploads/contents/en/news/pressRelease/20260522T174500.pdf
2688.HK,ENN ENERGY,Telecommunications and Utilities,Common Stock,Main Board,HSI,2026-06-08,,https://www.hsi.com.hk/static/uploads/contents/en/news/pressRelease/20260522T174500.pdf
2899.HK,ZIJIN MINING (H),Materials,Common Stock,Main Board,HSI|HSCEI,2026-06-08,,https://www.hsi.com.hk/static/uploads/contents/en/news/pressRelease/20260522T174500.pdf
3328.HK,BANKCOMM (H),Financials,Common Stock,Main Board,HSCEI,2026-06-08,,https://www.hsi.com.hk/static/uploads/contents/en/news/pressRelease/20260522T174500.pdf
3690.HK,MEITUAN - W,Consumer Discretionary,Common Stock,Main Board,HSI|HSCEI,2026-06-08,,https://www.hsi.com.hk/static/uploads/contents/en/news/pressRelease/20260522T174500.pdf
3692.HK,HANSOH PHARMA,Healthcare,Common Stock,Main Board,HSI|HSCEI,2026-06-08,,https://www.hsi.com.hk/static/uploads/contents/en/news/pressRelease/20260522T174500.pdf
3750.HK,CATL (H),"Energy, Materials, Industrials and Conglomerates",Common Stock,Main Board,HSI,2026-06-08,,https://www.hsi.com.hk/static/uploads/contents/en/news/pressRelease/20260522T174500.pdf
3968.HK,CM BANK (H),Financials,Common Stock,Main Board,HSI|HSCEI,2026-06-08,,https://www.hsi.com.hk/static/uploads/contents/en/news/pressRelease/20260522T174500.pdf
3988.HK,BANK OF CHINA (H),Financials,Common Stock,Main Board,HSI|HSCEI,2026-06-08,,https://www.hsi.com.hk/static/uploads/contents/en/news/pressRelease/20260522T174500.pdf
3993.HK,CMOC (H),"Energy, Materials, Industrials and Conglomerates",Common Stock,Main Board,HSI,2026-06-08,,https://www.hsi.com.hk/static/uploads/contents/en/news/pressRelease/20260522T174500.pdf
6160.HK,BEONE MEDICINES,Healthcare,Common Stock,Main Board,HSI|HSCEI,2026-06-08,,https://www.hsi.com.hk/static/uploads/contents/en/news/pressRelease/20260522T174500.pdf
6181.HK,LAOPU GOLD (H),Consumer Discretionary and Consumer Staples,Common Stock,Main Board,HSI,2026-06-08,,https://www.hsi.com.hk/static/uploads/contents/en/news/pressRelease/20260522T174500.pdf
6618.HK,JD HEALTH,Healthcare,Common Stock,Main Board,HSI|HSCEI,2026-06-08,,https://www.hsi.com.hk/static/uploads/contents/en/news/pressRelease/20260522T174500.pdf
6690.HK,HAIER SMARTHOME (H),Consumer Discretionary and Consumer Staples,Common Stock,Main Board,HSI,2026-06-08,,https://www.hsi.com.hk/static/uploads/contents/en/news/pressRelease/20260522T174500.pdf
6862.HK,HAIDILAO,Consumer Discretionary and Consumer Staples,Common Stock,Main Board,HSI,2026-06-08,,https://www.hsi.com.hk/static/uploads/contents/en/news/pressRelease/20260522T174500.pdf
9618.HK,JD - SW,Consumer Discretionary,Common Stock,Main Board,HSI|HSCEI,2026-06-08,,https://www.hsi.com.hk/static/uploads/contents/en/news/pressRelease/20260522T174500.pdf
9633.HK,NONGFU SPRING (H),Consumer Staples,Common Stock,Main Board,HSI|HSCEI,2026-06-08,,https://www.hsi.com.hk/static/uploads/contents/en/news/pressRelease/20260522T174500.pdf
9660.HK,HORIZONROBOT - W,Information Technology,Common Stock,Main Board,HSCEI,2026-06-08,,https://www.hsi.com.hk/static/uploads/contents/en/news/pressRelease/20260522T174500.pdf
9868.HK,XPENG - W,Consumer Discretionary,Common Stock,Main Board,HSCEI,2026-06-08,,https://www.hsi.com.hk/static/uploads/contents/en/news/pressRelease/20260522T174500.pdf
9888.HK,BIDU - SW,Consumer Discretionary,Common Stock,Main Board,HSI|HSCEI,2026-06-08,,https://www.hsi.com.hk/static/uploads/contents/en/news/pressRelease/20260522T174500.pdf
9901.HK,NEW ORIENTAL - S,Consumer Discretionary and Consumer Staples,Common Stock,Main Board,HSI,2026-06-08,,https://www.hsi.com.hk/static/uploads/contents/en/news/pressRelease/20260522T174500.pdf
9926.HK,AKESO,Healthcare,Common Stock,Main Board,HSCEI,2026-06-08,,https://www.hsi.com.hk/static/uploads/contents/en/news/pressRelease/20260522T174500.pdf
9961.HK,TRIP.COM - S,Consumer Discretionary,Common Stock,Main Board,HSI|HSCEI,2026-06-08,,https://www.hsi.com.hk/static/uploads/contents/en/news/pressRelease/20260522T174500.pdf
9987.HK,YUM CHINA,Consumer Discretionary,Common Stock,Main Board,HSCEI,2026-06-08,,https://www.hsi.com.hk/static/uploads/contents/en/news/pressRelease/20260522T174500.pdf
9988.HK,BABA - W,Consumer Discretionary,Common Stock,Main Board,HSI|HSCEI,2026-06-08,,https://www.hsi.com.hk/static/uploads/contents/en/news/pressRelease/20260522T174500.pdf
9992.HK,POP MART,Consumer Discretionary,Common Stock,Main Board,HSI|HSCEI,2026-06-08,,https://www.hsi.com.hk/static/uploads/contents/en/news/pressRelease/20260522T174500.pdf
9999.HK,NTES - S,Information Technology,Common Stock,Main Board,HSI|HSCEI,2026-06-08,,https://www.hsi.com.hk/static/uploads/contents/en/news/pressRelease/20260522T174500.pdf
